{
  "four_vectors": {
    "D": {
      "pz": 0.5897962254778486,
      "px": 0.8634762475578601,
      "py": -0.2273640501540901,
      "E": 2.1542368373711818
    },
    "D0": {
      "pz": 0.1331926788204417,
      "px": -0.41098561980779524,
      "py": 0.4602903155362023,
      "E": 1.9687832721903593
    },
    "K": {
      "pz": -0.7305348220308255,
      "px": -0.4483316412801869,
      "py": -0.23415599517164887,
      "E": 1.0164784292725653
    },
    "pi": {
      "pz": 0.00754591768614862,
      "px": -0.004158986333048991,
      "py": 0.0012297296374225927,
      "E": 0.13984149613322175
    }
  },
  "dpd_kinematics": {
    "msq_KDx": 8.62112,
    "msq_DxD": 17.3825,
    "msq_DK": 9.64828,
    "cos_theta_D_in_Dx": 0.8746538492596707,
    "phi_D_in_Dx": -2.84901364039537
  }
}
